<?xml version="1.0" encoding="UTF-8"?>
<project-private xmlns="http://www.netbeans.org/ns/project-private/1">
    <editor-bookmarks xmlns="http://www.netbeans.org/ns/editor-bookmarks/2" lastBookmarkId="0"/>
    <open-files xmlns="http://www.netbeans.org/ns/projectui-open-files/2">
        <group>
            <file>file:/C:/myfinal%20project/spamservice/web/MAINUI.jsp</file>
            <file>file:/C:/myfinal%20project/spamservice/src/java/org/sp1/spcloud.java</file>
            <file>file:/C:/myfinal%20project/spamservice/src/java/GetData/GetData.java</file>
            <file>file:/C:/myfinal%20project/spamservice/src/java/GetData/GetEcomWords.java</file>
            <file>file:/C:/myfinal%20project/spamservice/web/spam.jsp</file>
        </group>
    </open-files>
</project-private>
