<?xml version="1.0" encoding="UTF-8"?><!--
        *** GENERATED FROM jax-ws.xml - DO NOT EDIT !                             ***
        *** TO MODIFY wsimport options USE Web Service node -> Edit WS Attributes ***
        *** TO CHANGE TARGETS GENERATED TO jaxws-build.xml COPY THOSE             ***
        *** TARGETS TO ../build.xml AND MODIFY THAT FILE INSTEAD                  ***

        --><project xmlns:xalan="http://xml.apache.org/xslt" xmlns:j2seproject3="http://www.netbeans.org/ns/j2se-project/3" xmlns:jaxws="http://www.netbeans.org/ns/jax-ws/1">
    <!--
                ===================
                JAX-WS WSIMPORT SECTION
                ===================
            -->
    <target name="wsimport-init" depends="init">
        <mkdir dir="${build.generated.sources.dir}/jax-ws"/>
        <taskdef name="wsimport" classname="com.sun.tools.ws.ant.WsImport">
            <classpath path="${libs.jaxws21.classpath}"/>
        </taskdef>
    </target>
    <target name="wsimport-client-spcloud" depends="wsimport-init">
        <mkdir dir="${build.generated.dir}/jax-wsCache/spcloud"/>
        <property name="wsdl-spcloud" location="xml-resources/web-service-references/spcloud/wsdl/localhost_8080/spamservice/spcloud.wsdl"/>
        <wsimport sourcedestdir="${build.generated.dir}/jax-wsCache/spcloud" destdir="${build.generated.dir}/jax-wsCache/spcloud" wsdl="${wsdl-spcloud}" catalog="catalog.xml" encoding="${source.encoding}" extension="true" verbose="true" fork="false" wsdlLocation="http://localhost:8080/spamservice/spcloud?WSDL" xnocompile="true" xendorsed="true" package="org.cl">
            <depends file="${wsdl-spcloud}"/>
            <produces dir="${build.generated.dir}/jax-wsCache/spcloud"/>
        </wsimport>
        <copy todir="${build.generated.sources.dir}/jax-ws">
            <fileset dir="${build.generated.dir}/jax-wsCache/spcloud">
                <include name="**/*.java"/>
            </fileset>
        </copy>
    </target>
    <target name="wsimport-client-clean-spcloud" depends="-init-project">
        <delete dir="${build.generated.dir}/jax-wsCache/spcloud"/>
        <delete dir="${build.generated.sources.dir}/jax-ws/org/cl"/>
    </target>
    <target name="wsimport-client-samsung" depends="wsimport-init">
        <mkdir dir="${build.generated.dir}/jax-wsCache/samsung"/>
        <property name="wsdl-samsung" location="xml-resources/web-service-references/samsung/wsdl/localhost_8080/samsung/samsung.wsdl"/>
        <wsimport sourcedestdir="${build.generated.dir}/jax-wsCache/samsung" destdir="${build.generated.dir}/jax-wsCache/samsung" wsdl="${wsdl-samsung}" catalog="catalog.xml" encoding="${source.encoding}" extension="true" verbose="true" fork="false" wsdlLocation="http://localhost:8080/samsung/samsung?WSDL" xnocompile="true" xendorsed="true" package="org.samsung">
            <depends file="${wsdl-samsung}"/>
            <produces dir="${build.generated.dir}/jax-wsCache/samsung"/>
        </wsimport>
        <copy todir="${build.generated.sources.dir}/jax-ws">
            <fileset dir="${build.generated.dir}/jax-wsCache/samsung">
                <include name="**/*.java"/>
            </fileset>
        </copy>
    </target>
    <target name="wsimport-client-clean-samsung" depends="-init-project">
        <delete dir="${build.generated.dir}/jax-wsCache/samsung"/>
        <delete dir="${build.generated.sources.dir}/jax-ws/org/samsung"/>
    </target>
    <target name="wsimport-client-nike" depends="wsimport-init">
        <mkdir dir="${build.generated.dir}/jax-wsCache/nike"/>
        <property name="wsdl-nike" location="xml-resources/web-service-references/nike/wsdl/localhost_8080/nike/nike.wsdl"/>
        <wsimport sourcedestdir="${build.generated.dir}/jax-wsCache/nike" destdir="${build.generated.dir}/jax-wsCache/nike" wsdl="${wsdl-nike}" catalog="catalog.xml" encoding="${source.encoding}" extension="true" verbose="true" fork="false" wsdlLocation="http://localhost:8080/nike/nike?WSDL" xnocompile="true" xendorsed="true" package="org.nike">
            <depends file="${wsdl-nike}"/>
            <produces dir="${build.generated.dir}/jax-wsCache/nike"/>
        </wsimport>
        <copy todir="${build.generated.sources.dir}/jax-ws">
            <fileset dir="${build.generated.dir}/jax-wsCache/nike">
                <include name="**/*.java"/>
            </fileset>
        </copy>
    </target>
    <target name="wsimport-client-clean-nike" depends="-init-project">
        <delete dir="${build.generated.dir}/jax-wsCache/nike"/>
        <delete dir="${build.generated.sources.dir}/jax-ws/org/nike"/>
    </target>
    <target name="wsimport-client-nandini" depends="wsimport-init">
        <mkdir dir="${build.generated.dir}/jax-wsCache/nandini"/>
        <property name="wsdl-nandini" location="xml-resources/web-service-references/nandini/wsdl/localhost_8080/nandini/nandini.wsdl"/>
        <wsimport sourcedestdir="${build.generated.dir}/jax-wsCache/nandini" destdir="${build.generated.dir}/jax-wsCache/nandini" wsdl="${wsdl-nandini}" catalog="catalog.xml" encoding="${source.encoding}" extension="true" verbose="true" fork="false" wsdlLocation="http://localhost:8080/nandini/nandini?WSDL" xnocompile="true" xendorsed="true" package="org.nandini">
            <depends file="${wsdl-nandini}"/>
            <produces dir="${build.generated.dir}/jax-wsCache/nandini"/>
        </wsimport>
        <copy todir="${build.generated.sources.dir}/jax-ws">
            <fileset dir="${build.generated.dir}/jax-wsCache/nandini">
                <include name="**/*.java"/>
            </fileset>
        </copy>
    </target>
    <target name="wsimport-client-clean-nandini" depends="-init-project">
        <delete dir="${build.generated.dir}/jax-wsCache/nandini"/>
        <delete dir="${build.generated.sources.dir}/jax-ws/org/nandini"/>
    </target>
    <target name="wsimport-client-generate" depends="wsimport-client-spcloud, wsimport-client-samsung, wsimport-client-nike, wsimport-client-nandini"/>
</project>
