<?xml version="1.0" encoding="UTF-8" standalone="no"?>
<catalog xmlns="urn:oasis:names:tc:entity:xmlns:xml:catalog" prefer="system">
    <system systemId="http://localhost:8080/spamservice/spcloud?WSDL" uri="xml-resources/web-service-references/spcloud/wsdl/localhost_8080/spamservice/spcloud.wsdl"/>
    <system systemId="http://localhost:8080/spamservice/spcloud?xsd=1" uri="xml-resources/web-service-references/spcloud/wsdl/localhost_8080/spamservice/spcloud.xsd_1.xsd"/>
    <system systemId="http://localhost:8080/samsung/samsung?WSDL" uri="xml-resources/web-service-references/samsung/wsdl/localhost_8080/samsung/samsung.wsdl"/>
    <system systemId="http://localhost:8080/samsung/samsung?xsd=1" uri="xml-resources/web-service-references/samsung/wsdl/localhost_8080/samsung/samsung.xsd_1.xsd"/>
    <system systemId="http://localhost:8080/nike/nike?WSDL" uri="xml-resources/web-service-references/nike/wsdl/localhost_8080/nike/nike.wsdl"/>
    <system systemId="http://localhost:8080/nike/nike?xsd=1" uri="xml-resources/web-service-references/nike/wsdl/localhost_8080/nike/nike.xsd_1.xsd"/>
    <system systemId="http://localhost:8080/nandini/nandini?WSDL" uri="xml-resources/web-service-references/nandini/wsdl/localhost_8080/nandini/nandini.wsdl"/>
    <system systemId="http://localhost:8080/nandini/nandini?xsd=1" uri="xml-resources/web-service-references/nandini/wsdl/localhost_8080/nandini/nandini.xsd_1.xsd"/>
</catalog>